Lonnie,Collins,14503758742
Gordon,Thompson,922970267410
Vanessa,Shaw,567324560123
Aaron,James,876315751796
Avery,Laing,159898103470
Amba,Morrow,495225809670
Sohaib,Alvarado,391930469997
Sion,Mooney,114412226393
Letitia,Stephenson,621149851947
Meerab,York,248376164170
Paloma,Burgess,939520400109
Shanna,Finch,368469629557
Leanne,Blundell,270835621178
Athena,Solomon,919785543957
Fenton,Buchanan,168428805320
Diego,Prince,689588471096
Bentley,Shah,380904541665
Aishah,Bate,035815400401
Zaydan,Mccray,959883197105
Eilidh,Hester,920924460987
Margot,Begum,997106174917
Demi,Mann,085563545876
Brittney,Frame,725400221544
Yasin,Milner,788489586877